,D1_Total,D2_Total,D3_Total,D4_Total,D5_Total
PC1,0.5112749533320892,0.4035997269601844,0.3172333105314198,0.6448092546634222,0.24349380748309113
PC2,-0.2323215330109087,-0.520063671523164,-0.19136928874842307,0.7282860916387858,-0.3294505227052054
